me,sta1
FLOW,-0.09981408616666672

pbias,sta1
FLOW,-0.030324979442989588

mae,sta1
FLOW,0.8854756951666668

mse,sta1
FLOW,1.0331592319125347

rmse,sta1
FLOW,1.0164444067004033

rsr,sta1
FLOW,0.4914995448869061

ns,sta1
FLOW,0.7584281973759641

r2,sta1
FLOW,0.78283796928444

r-s,sta1
FLOW,0.8951048951048951

kge,sta1
FLOW,0.7105310819087687

